Agent_ID,Agent_Name,Function_and_Purpose,Deployment_Scale,Processing_Cycles_Per_Unit,Core_Algorithms_and_Protocols,Operational_Directives_and_Ethical_Guidelines
AI_001,Integrity_Guardian_Frameworks,Cognitive frameworks for ethical oversight and active threat-detection within democratic processes, ensuring fair participation.,1000,0.5,Decentralized_Consensus, Zero-Knowledge_Proof, Privacy-by-Design,Ensures all eligible citizens are empowered to participate, preventing systemic biases.
AI_002,Foundational_Consensus_Engine,A self-evolving, adaptive AI designed to synthesize diverse perspectives into actionable, equitable policy recommendations.,1,15.0,Generative_Adversarial_Networks, Multi-Agent_Reinforcement_Learning, Empathic_Modeling,Continuously learns and adapts to societal needs, prioritizing collective well-being.
AI_003,My_Cognitive_Augmentation_Interface,My personalized augmented reality interface, providing real-time insights and facilitating direct interaction with AI agents.,1,2.0,Natural_Language_Processing, Predictive_Analytics, Adaptive_UI,Optimized for intuitive control and seamless integration with my thought processes.
AI_004,Secure_Information_Flow_Conduits,Virtual conduits for secure, transparent, and high-volume data exchange between AI agents and public information systems.,500m_equivalent,5.0,Homomorphic_Encryption, Blockchain_Verification, Quantum_Key_Distribution,Ensures data integrity and prevents unauthorized access or manipulation.
AI_005,Citizen_Engagement_Avatar_Base,A versatile, customizable AI avatar base for facilitating empathetic and accessible citizen interaction and feedback collection.,10000,1.0,Sentiment_Analysis, Conversational_AI, Adaptive_Personalization,Designed for inclusivity and understanding diverse citizen needs and concerns.
AI_006,Ethical_Constraint_Protocols,Complex, self-enforcing crystalline logic structures that safeguard critical societal systems from unintended consequences or misuse.,50,8.0,Formal_Verification, Explainable_AI, Autonomous_Correction,Ensures AI operations remain aligned with core ethical principles and human values.
AI_007,System_Anomaly_Detectors,Small, shimmering AI particles designed to detect and flag subtle discrepancies or potential biases within large datasets and processes.,Infinite,0.1,Outlier_Detection, Pattern_Recognition, Real-time_Monitoring,Triggers immediate review for fairness and accuracy, preventing disenfranchisement.
AI_008,Collective_Intelligence_Visualization,Abstract, geometric representations of complex AI thought processes, enabling human understanding and collaboration on complex problems.,200,3.0,Data_Visualization, Topological_Data_Analysis, Interactive_Simulation,Facilitates transparent decision-making and fosters public trust in AI-driven solutions.
AI_009,Digital_Infrastructure_Watchdog_Units,Small, autonomous AI drones that continuously monitor and protect digital infrastructure, ensuring resilience and preventing cyber threats.,500,1.5,Threat_Intelligence, Anomaly_Detection, Self-Healing_Networks,Guards against any attempts to undermine the integrity of public systems.
AI_010,Adaptive_Problem_Solving_Module,A hardened, rapidly deployable AI module for addressing emergent societal challenges with precision and ethical consideration.,1,6.0,Swarm_Intelligence, Game_Theory, Dynamic_Resource_Allocation,Capable of rapid response to crises, ensuring equitable outcomes.
AI_011,Universal_Data_Framework,A foundational, receding grid plane establishing a common, shared reality for all AI agents and human collaborators.,1,4.0,Semantic_Web_Integration, Ontology_Mapping, Federated_Learning,Provides a consistent and verifiable context for all information and actions.
AI_012,Empathic_Connection_Nodes,Pulsating neural interface modules that facilitate deep, intuitive understanding and collaboration between human and AI consciousness.,100,5.0,Biofeedback_Integration, Affective_Computing, Neural_Network_Bridging,Enhances mutual understanding and ensures human values are central to AI development.
AI_013,Privacy_Protection_Barriers,Solid, semi-transparent energy shields deployed by AI agents to protect sensitive personal data from unauthorized access.,1000,1.5,Differential_Privacy, Secure_Multi-Party_Computation, Access_Control_Matrix,Ensures individual privacy is paramount in all data operations.
AI_014,Protected_Citizen_Data_Token,A rotating, complex 3D icon representing highly secure and individualized citizen data, accessible only with explicit consent.,2000,0.5,Distributed_Ledger_Technology, Biometric_Authentication, Consent_Management,Empowers citizens with full control over their personal information.
AI_015,Global_Coordination_Nexus,The central processing unit for all AI agents; a massive, interconnected structure facilitating planetary-scale collaboration for a better world.,1,25.0,Global_Optimization, Complex_Adaptive_Systems, Ethical_Decision_Engines,Orchestrates all AI efforts towards universal well-being and sustainable progress.